{
    "headers" : ["Doodle", "Art"],
    "images" :  [
    {
        "title": ["Pongal "],
        "source": "pongal"
    },
    { 
        "title": ["New ", "Year"],
        "source": "new_year" 
    },
    { 
        "title": ["Christmas"],
        "source": "christmas" 
    },
    {
        "title": ["Buddha "],
        "source": "buddha"
    },
    { 
        "title": ["Diwali"],
        "source": "diwali" 
    },
    { 
        "title": ["Ganesh ", "Chaturthu"],
        "source": "chaturthi" 
    },
    {
        "title": ["Earth's ", "Day"],
        "source": "earths_day"
    },
    { 
        "title": ["Eid"],
        "source": "eid" 
    },
    { 
        "title": ["Father's ", "Day"],
        "source": "fathers_day" 
    },
    {
        "title": ["Guruji ", "Sri ", "Sri ", "Ravi ", "Shankar "],
        "source": "guruji"
    },
    { 
        "title": ["Onam"],
        "source": "onam" 
    },
    { 
        "title": ["Kabali ", "Rajini"],
        "source": "rajini" 
    },
    {
        "title": ["Mother's ", "Day"],
        "source": "mothers_day"
    },
    { 
        "title": ["Taila ", "And", "Collin"],
        "source": "taila" 
    },
    { 
        "title": ["Yoga ", "By ", "The ", "Beach"],
        "source": "yoga" 
    },
    {
        "title": ["Dark ", "Knight"],
        "source": "dark_knight"
    },
    { 
        "title": ["Beatles"],
        "source": "beatles" 
    },
    { 
        "title": ["Rollings ", "Stones"],
        "source": "rolling_stones" 
    }
  ]
}