{
    "headers" : ["Graphic", "Design"],
    "images" :  [
    {
        "title": ["Blossoms ", "Park"],
        "source": "blossoms"
    },
    { 
        "title": ["Doodle ", "Art ", "School"],
        "source": "doodles" 
    },
    {
        "title": ["Ganesh ", "Prasad"],
        "source": "ganesh"
    },
    {
        "title": ["Kalpavriksha"],
        "source": "kalpavriksha"
    },
    { 
        "title": ["Cushion ", "Cover"],
        "source": "cushion1" 
    },
    {
        "title": ["Cushion ", "Cover"],
        "source": "cushion2"
    },
    {
        "title": ["Japa ", "Mala "],
        "source": "japa"
    },
    { 
        "title": ["Nandana ", "Album ", "Cover "],
        "source": "nandana" 
    },
    {
        "title": ["Valentine's ", "Day"],
        "source": "valentine"
    },
    {
        "title": ["Sahaj ", "Refresher"],
        "source": "sahaj"
    },
    { 
        "title": ["Madhurya - ", "Mother's ", "Day"],
        "source": "madhurya" 
    },
    {
        "title": ["WCF ", "Film ", "Contest"],
        "source": "contest1"
    },
    {
        "title": ["WCF ", "Film ", "Contest"],
        "source": "contest2"
    },
    { 
        "title": ["Vikram ", "Hazra ", "Concert ", "Poster"],
        "source": "concert1"
    },
    {
        "title": ["Vikram ", "Hazra ", "Concert ", "Poster"],
        "source": "concert2"
    },
    {
       "title": ["Vikram ", "Hazra ", "Concert ", "Poster"],
        "source": "concert3"
    },
    { 
        "title": ["WCF ", "Chalo ", "Delhi ", "Campaign"],
        "source": "campaign1" 
    },
    {
        "title": ["WCF ", "Chalo ", "Delhi ", "Campaign"],
        "source": "campaign2" 
    },
    {
        "title": ["WCF ", "Chalo ", "Delhi ", "Campaign"],
        "source": "campaign3" 
    },
    { 
        "title": ["WCF ", "Challenge"],
        "source": "challenge" 
    },
    {
        "title": ["Wisdom ", "Tree"],
        "source": "wisdom"
    }
  ]
}