{
    "headers" : ["Paintings"],
    "images" :  [
    {
        "title": ["Treasure ", "Hunt"],
        "source": "treasure"
    },
    { 
        "title": ["Lane "],
        "source": "lane" 
    },
    {
        "title": ["Ballerina "],
        "source": "ballerina"
    },
    {
        "title": ["Strokes"],
        "source": "strokes"
    },
    { 
        "title": ["Mustard ", "Garlic"],
        "source": "mustard" 
    },
    {
        "title": ["Red ", "Vase"],
        "source": "red_vase"
    },
    {
        "title": ["Behind ", "A ", "Mask"],
        "source": "behind_mask"
    },
    { 
        "title": ["Pink ", "And ", "White "],
        "source": "pink_white" 
    },
    {
        "title": ["Yellow ", "Flowers"],
        "source": "yellow_flowers"
    },
    {
        "title": ["Flower ", "Girl"],
        "source": "flower_girl"
    },
    { 
        "title": ["Graphic ", "Fashion"],
        "source": "graphic_fashion" 
    },
    {
        "title": ["Frangipani"],
        "source": "frangipani"
    },
    {
        "title": ["Ancient "],
        "source": "ancient"
    },
    { 
        "title": ["Face "],
        "source": "face" 
    },
    {
        "title": ["Little ", "Kitty"],
        "source": "little_kitty"
    },
    {
        "title": ["Still ", "Life"],
        "source": "still_life"
    },
    { 
        "title": ["Misty "],
        "source": "misty" 
    },
    {
        "title": ["Blue ", "Night"],
        "source": "blue_night"
    },
    {
        "title": ["Temple"],
        "source": "temple"
    },
    { 
        "title": ["Backwaters "],
        "source": "backwaters" 
    },
    {
        "title": ["Flowers "],
        "source": "flowers"
    },
    {
        "title": ["Taj"],
        "source": "taj"
    },
    { 
        "title": ["Fall ", "And ", "Mountains"],
        "source": "fall" 
    }
  ]
}